Category,Sample_Name
282set Samples,A619
282set Samples,A635
282set Samples,A680
282set Samples,B164
282set Samples,B73
282set Samples,B97
282set Samples,C49A
282set Samples,CML91
282set Samples,H95
282set Samples,Il14H
282set Samples,K55
282set Samples,Ky21
282set Samples,M162W
282set Samples,M37W
282set Samples,MS153
282set Samples,Ms71
282set Samples,Mt42
282set Samples,NC230
282set Samples,NC358
282set Samples,Oh43
282set Samples,OH7B
282set Samples,Va22
282set Samples,Va59
282set Samples,W182B
Ames Panel Samples,Ames-21785
Ames Panel Samples,Ames-21787
Ames Panel Samples,Ames-21789
Ames Panel Samples,Ames-21790
Ames Panel Samples,Ames-21793
Ames Panel Samples,Ames-21796
Ames Panel Samples,Ames-21797
Ames Panel Samples,Ames-21799
Ames Panel Samples,Ames-21800
Ames Panel Samples,Ames-21801
Ames Panel Samples,Ames-21802
Ames Panel Samples,Ames-21803
Ames Panel Samples,Ames-21809
Ames Panel Samples,Ames-21826
Ames Panel Samples,Ames-21828
Ames Panel Samples,Ames-21829
Ames Panel Samples,Ames-21830
Ames Panel Samples,Ames-21851
Ames Panel Samples,Ames-21860
Ames Panel Samples,AMES-21969
Ames Panel Samples,AMES-8235
NAM or Reference Lines,MO18W
NAM or Reference Lines,NC222
NSL Accessions,NSL-202125
NSL Accessions,NSL-30874
PI Accessions,PI-168001
PI Accessions,PI-170882
PI Accessions,PI-183639
PI Accessions,PI5666677
PI Accessions,PI-566673
PI Accessions,PI-566688
PI Accessions,PI-620767
PI Accessions,PI-620773
PI Accessions,PI-620774
PI Accessions,PI-620784
PI Accessions,PI-620785
PI Accessions,PI-620797
PI Accessions,PI-620819
PI Accessions,PI-620821
PI Accessions,PI-620834
PI Accessions,PI-620842
PI Accessions,PI-620846
PI Accessions,PI-620856
PI Accessions,PI-620859
PI Accessions,PI-620860
PI Accessions,PI-628503
PI Accessions,PI-628514
PI Accessions,PI-686064
PI Accessions,PI-698999
Teosinte,Teo-8759